{
  "format_version": "1.16.100",
  "minecraft:block": {
    "description": {
      "identifier": "mclua:block0",
      "menu_category": {
        "category": "items"
      }
    },
    "components": {
      "minecraft:display_name": "block0",
      "minecraft:destroy_time": 1,
      "minecraft:map_color": "#000000",
      "minecraft:material_instances": {
        "*": {
          "texture": "mclua:block0"
        }
      },
      "minecraft:block_light_emission": 0.5,
      "minecraft:loot": "loot_tables/mclua_loot0"
    }
  }
}